{
  "swagger" : "2.0",
  "info" : {
    "description" : "user request to change his user group from simple to chef user",
    "version" : "2025-01-07T21:09:11Z",
    "title" : "ChefRequestAPI"
  },
  "host" : "gcyu5g0u93.execute-api.us-east-1.amazonaws.com",
  "basePath" : "/prod",
  "schemes" : [ "https" ],
  "paths" : {
    "/check-request" : {
      "post" : {
        "produces" : [ "application/json" ],
        "responses" : {
          "200" : {
            "description" : "200 response",
            "schema" : {
              "$ref" : "#/definitions/Empty"
            },
            "headers" : {
              "Access-Control-Allow-Origin" : {
                "type" : "string"
              }
            }
          }
        }
      },
      "options" : {
        "consumes" : [ "application/json" ],
        "produces" : [ "application/json" ],
        "responses" : {
          "200" : {
            "description" : "200 response",
            "schema" : {
              "$ref" : "#/definitions/Empty"
            },
            "headers" : {
              "Access-Control-Allow-Origin" : {
                "type" : "string"
              },
              "Access-Control-Allow-Methods" : {
                "type" : "string"
              },
              "Access-Control-Allow-Headers" : {
                "type" : "string"
              }
            }
          }
        }
      }
    },
    "/chef-request" : {
      "post" : {
        "produces" : [ "application/json" ],
        "responses" : {
          "200" : {
            "description" : "200 response",
            "schema" : {
              "$ref" : "#/definitions/Empty"
            },
            "headers" : {
              "Access-Control-Allow-Origin" : {
                "type" : "string"
              }
            }
          }
        }
      },
      "options" : {
        "consumes" : [ "application/json" ],
        "produces" : [ "application/json" ],
        "responses" : {
          "200" : {
            "description" : "200 response",
            "schema" : {
              "$ref" : "#/definitions/Empty"
            },
            "headers" : {
              "Access-Control-Allow-Origin" : {
                "type" : "string"
              },
              "Access-Control-Allow-Methods" : {
                "type" : "string"
              },
              "Access-Control-Allow-Headers" : {
                "type" : "string"
              }
            }
          }
        }
      }
    },
    "/list-requests" : {
      "get" : {
        "produces" : [ "application/json" ],
        "responses" : {
          "200" : {
            "description" : "200 response",
            "schema" : {
              "$ref" : "#/definitions/Empty"
            },
            "headers" : {
              "Access-Control-Allow-Origin" : {
                "type" : "string"
              }
            }
          }
        }
      },
      "options" : {
        "consumes" : [ "application/json" ],
        "produces" : [ "application/json" ],
        "responses" : {
          "200" : {
            "description" : "200 response",
            "schema" : {
              "$ref" : "#/definitions/Empty"
            },
            "headers" : {
              "Access-Control-Allow-Origin" : {
                "type" : "string"
              },
              "Access-Control-Allow-Methods" : {
                "type" : "string"
              },
              "Access-Control-Allow-Headers" : {
                "type" : "string"
              }
            }
          }
        }
      }
    },
    "/update-request" : {
      "post" : {
        "produces" : [ "application/json" ],
        "responses" : {
          "200" : {
            "description" : "200 response",
            "schema" : {
              "$ref" : "#/definitions/Empty"
            },
            "headers" : {
              "Access-Control-Allow-Origin" : {
                "type" : "string"
              }
            }
          }
        }
      },
      "options" : {
        "consumes" : [ "application/json" ],
        "produces" : [ "application/json" ],
        "responses" : {
          "200" : {
            "description" : "200 response",
            "schema" : {
              "$ref" : "#/definitions/Empty"
            },
            "headers" : {
              "Access-Control-Allow-Origin" : {
                "type" : "string"
              },
              "Access-Control-Allow-Methods" : {
                "type" : "string"
              },
              "Access-Control-Allow-Headers" : {
                "type" : "string"
              }
            }
          }
        }
      }
    }
  },
  "definitions" : {
    "Empty" : {
      "type" : "object",
      "title" : "Empty Schema"
    }
  }
}